Product,Node,URL
n8n,"Strengths, limitations, best for",https://dev.to/alifar/the-real-limits-of-n8n-free-automation-what-you-need-to-know-before-shipping-to-production-59o6
n8n,"Strengths, limitations, best for",https://www.haktansuren.com/why-n8n-not-for-enterprise/
n8n,"Strengths, limitations, best for",https://www.cipherprojects.com/blog/posts/n8n-vs-zapier-automation-tool-comparison/
n8n,"Strengths, limitations, best for",https://intuitionlabs.ai/articles/zapier-vs-n8n-ai-workflows#platform-architecture-and-deployment-models
n8n,"Strengths, limitations, best for",https://leanware.co/insights/n8n-vs-zapier-comparison
n8n,Pricing,https://n8n.io/pricing/
n8n,Pricing,https://expresstech.io/the-real-cost-of-self-hosting-n8n-in-2026/
n8n,Capabilities,https://www.primal.co.th/ai/n8n-ai-agent/#What_is_n8n
n8n,Capabilities,https://www.scalahosting.com/blog/what-is-n8n-and-how-to-use-it/
